{
  "project_info": {
    "project_number": "74959285901",
    "project_id": "catalogovinhos-ba783",
    "storage_bucket": "catalogovinhos-ba783.firebasestorage.app"
  },
  "client": [
    {
      "client_info": {
        "mobilesdk_app_id": "1:74959285901:android:a6cfc426bae6f5674f7cc4",
        "android_client_info": {
          "package_name": "com.catalogo.app"
        }
      },
      "oauth_client": [],
      "api_key": [
        {
          "current_key": "AIzaSyBpGBPlIYkWkGJhO1hCP7-xyvxQuNC7s8I"
        }
      ],
      "services": {
        "appinvite_service": {
          "other_platform_oauth_client": []
        }
      }
    }
  ],
  "configuration_version": "1"
}